"Id","Label","Created"
"ctx_2086745","External Context of the MPI for Human Development","2015"
"ctx_2604083","External Context of the MPI for Marine Microbiology","2018"
"ctx_3156639","External Context of the MPI for Molecular Biomedicine","2019"
"ctx_3060262","External Context of the MPI for Molecular Genetics","2019"
"ctx_3173094","External Context of the MPI for Polymer Research","2019"
"ctx_2213633","External Context of the MPI for Research on Collective Goods","2015"
"ctx_3006283","External Context of the MPI of Psychiatry","2018"
"ctx_2250893","External Context of the Max Planck Institute for Dynamics of Complex Technical Systems","2016"
"ctx_2566509","External Context of the Max Planck Institute for the Science of Light","2018"
"ctx_1818753","External Publications by the MPI of Biochemistry Staff","2013"
"ctx_2027833","Externer Kontext MPI für Eisenforschung GmbH","2014"
"ctx_1479257","Externer Kontext MPI für Steuerrecht und Öffentliche Finanzen","2012"
"ctx_1569447","Externer Kontext des MPI BPC","2012"
"ctx_2095734","General Context of the MPI for the History of Science","2015"
"ctx_2243391","History of Psycholinguistics","2016"
"ctx_1462033","Import Context of the Bibliotheca Hertziana","2012"
"ctx_644575","Import Context of the Fritz Haber Institute","2011"
"ctx_1253610","Import Context of the Kunsthistorisches Institut in Florenz, MPI","2011"
"ctx_933138","Import Context of the MPI for Astrophysics","2011"
"ctx_1504398","Import Context of the MPI for Biogeochemistry","2012"
"ctx_1504403","Import Context of the MPI for Biological Cybernetics","2012"
"ctx_582610","Import Context of the MPI for Biophysical Chemistry","2010"
"ctx_2463624","Import Context of the MPI for Brain Research","2017"
"ctx_420911","Import Context of the MPI for Chemical Ecology","2010"
"ctx_3023887","Import Context of the MPI for Chemical Energy Conversion","2019"
"ctx_1824889","Import Context of the MPI for Chemistry","2013"
"ctx_3029198","Import Context of the MPI for Comparative Public Law and International Law","2019"
"ctx_825578","Import Context of the MPI for Comparative and International Private Law","2011"
"ctx_2160173","Import Context of the MPI for Dynamics and Self-Organization","2015"
"ctx_898694","Import Context of the MPI for European Legal History","2011"
"ctx_1496179","Import Context of the MPI for Evolutionary Anthropology","2012"
"ctx_1454604","Import Context of the MPI for Evolutionary Biology","2012"
"ctx_940351","Import Context of the MPI for Extraterrestrial Physics","2011"
"ctx_2492000","Import Context of the MPI for Foreign and International Criminal Law","2017"
"ctx_147965","Import Context of the MPI for Gravitational Physics","2009"
"ctx_690624","Import Context of the MPI for Human Cognitive and Brain Sciences","2011"
"ctx_2086739","Import Context of the MPI for Human Development","2015"
"ctx_2250097","Import Context of the MPI for Immunobiology and Epigenetics","2016"
"ctx_1662439","Import Context of the MPI for Infection Biology","2013"
"ctx_1302091","Import Context of the MPI for Informatics","2012"
"ctx_2483858","Import Context of the MPI for Marine Microbiology","2017"
"ctx_3029204","Import Context of the MPI for Mathematics","2019"
"ctx_1496206","Import Context of the MPI for Medical Research","2012"
"ctx_2149053","Import Context of the MPI for Metabolism Research","2015"
"ctx_956626","Import Context of the MPI for Meteorology","2011"
"ctx_1431586","Import Context of the MPI for Molecular Genetics","2012"
"ctx_906579","Import Context of the MPI for Nuclear Physics","2011"
"ctx_1217571","Import Context of the MPI for Plant Breeding Research","2011"
"ctx_1350638","Import Context of the MPI for Polymer Research","2012"
"ctx_2191866","Import Context of the MPI for Research on Collective Goods","2015"
"ctx_906588","Import Context of the MPI for Social Anthropology","2011"
"ctx_2172841","Import Context of the MPI for Software Systems","2015"
"ctx_1835111","Import Context of the MPI for Solar System Research","2013"
"ctx_2095719","Import Context of the MPI for the History of Science","2015"
"ctx_2183781","Import Context of the MPI for the Physics of Complex Systems","2015"
"ctx_2357949","Import Context of the MPI for the Science of Light","2016"
"ctx_1114607","Import Context of the MPI for the Study of Religious and Ethnic Diversity","2011"
"ctx_1212570","Import Context of the MPI for the Study of Societies","2011"
"ctx_1448979","Import Context of the MPI für Kohlenforschung","2012"
"ctx_2161686","Import Context of the MPI für Ornithologie","2015"
"ctx_1577969","Import Context of the MPI of Biochemistry","2012"
"ctx_2079135","Import Context of the MPI of Biophysics","2014"
"ctx_1899711","Import Context of the MPI of Chemical Physics of Solids","2014"
"ctx_1861388","Import Context of the MPI of Colloids and Interfaces","2013"
"ctx_2183586","Import Context of the MPI of Experimental Medicine","2015"
"ctx_2567163","Import Context of the MPI of Molecular Cell Biology and Genetics","2018"
"ctx_1752758","Import Context of the MPI of Molecular Physiology","2013"
"ctx_1760320","Import Context of the MPI of Molecular Plant Physiology","2013"
"ctx_1114619","Import Context of the MPI of Neurobiology","2011"
"ctx_1606250","Import Context of the MPI of Psychiatry","2013"
"ctx_1443688","Import Context of the MPI of Quantum Optics","2012"
"ctx_1896905","Import Context of the Max Planck Institut für Eisenforschung GmbH","2014"
"ctx_1739501","Import Context of the Max Planck Institute for Dynamics of Complex Technical Systems","2013"
"ctx_1567589","Import Context of the Max Planck Institute for Intelligent Systems","2012"
"ctx_1855158","Import Context of the Max Planck Institute for Plasma Physics","2013"
"ctx_3058622","MPIP Context - Dept. Kremer before 2013","2019"
"ctx_57277","MPIPL import context","2009"
"ctx_1365563","Non MPI Publications by Kunsthistorisches Institut in Florenz, MPI","2012"
"ctx_1527231","Non MPI Publications by MPI for Biogeochemistry Staff","2012"
"ctx_1542179","Non MPI Publications by MPI for Evolutionary Anthropology Staff","2012"
"ctx_1546150","Non MPI Publications by MPI for Evolutionary Biology Staff","2012"
"ctx_3169020","Non MPI Publications by MPI for Immunbiology and Epigenetics Staff","2019"
"ctx_1563279","Non MPI Publications by MPI for Medical Research Staff","2012"
"ctx_1103549","Non MPI Publications by MPI for Meteorology Staff","2011"
"ctx_2419691","Non MPI Publications by MPI for Solar System Research Staff","2017"
"ctx_1877424","Non MPI Publications by MPI for the Study of Religious and Ethnic Diversity staff","2013"
"ctx_1832171","Non MPI Publications by MPI of Molecular Physiology Staff","2013"
"ctx_1760321","Non MPI Publications by MPI of Molecular Plant Physiology Staff","2013"
"ctx_1586657","Non MPI Publications by Max Planck Institute for Intelligent Systems Staff","2012"
"ctx_2228373","Non MPI Publications by the MPI for the Study of Societies","2015"
"ctx_2190193","Non MPI Publications of caesar","2015"
"ctx_1913480","Non MPI Publications of the MPI for Chemical Physics of Solids","2014"
"ctx_2422844","Non MPI Publications of the MPI for Empirical Aesthetics Staff","2017"
"ctx_2079642","Non MPI Publications of the MPI for the Science of Human History staff","2014"
"ctx_2175384","Non MPI Publications of the MPI für Ornithologie staff","2015"
"ctx_2149451","Non MPI Publications of the MPI of Colloids and Interfaces","2015"
"ctx_2078068","Non MPI Publications of the Max Planck Institute Luxembourg staff","2014"
"ctx_61348","Non MPI publications by MPI Psycholinguistics staff","2009"
"ctx_2213479","Non MPI publications by the MPI of Dynamics and Self-Organization staff","2015"
"ctx_2170803","Non MPI publications by the MPI of Neurobiology staff","2015"
"ctx_2095736","Preprints Context of the MPI for the History of Science","2015"
"ctx_3022568","Publications of Extreme Events ICE","2019"
"ctx_1694622","Publications of Tuebingen Departments of the Max Planck Institute for Intelligent Systems","2013"
"ctx_2183659","Publications of caesar","2015"
"ctx_1759977","Publications of the Bibliotheca Hertziana","2013"
"ctx_1834549","Publications of the CliSAP Cluster of Excellence","2013"
"ctx_2084551","Publications of the Ernst Strüngmann Institute (ESI) for Neuroscience in Cooperation with Max Planck Society","2015"
"ctx_2574704","Publications of the Friedrich Miescher Laboratory","2018"
"ctx_23049","Publications of the Fritz Haber Institute","2008"
"ctx_2272180","Publications of the IMPRS-UFAST","2016"
"ctx_1307608","Publications of the Kunsthistorisches Institut in Florenz, MPI","2012"
"ctx_969661","Publications of the Limnological River Station Schlitz","2011"
"ctx_2175472","Publications of the MP Research Department for Structural Dynamics","2015"
"ctx_3176560","Publications of the MPI for Astronomy","2019"
"ctx_160875","Publications of the MPI for Astrophysics","2009"
"ctx_1539139","Publications of the MPI for Biogeochemistry","2012"
"ctx_1973221","Publications of the MPI for Biology of Ageing","2014"
"ctx_582611","Publications of the MPI for Biophysical Chemistry","2010"
"ctx_2491929","Publications of the MPI for Brain Research","2017"
"ctx_23051","Publications of the MPI for Chemical Ecology","2008"
"ctx_3023889","Publications of the MPI for Chemical Energy Conversion","2019"
"ctx_1913473","Publications of the MPI for Chemical Physics of Solids","2014"
"ctx_1852423","Publications of the MPI for Chemistry","2013"
"ctx_3029197","Publications of the MPI for Comparative Public Law and International Law","2019"
"ctx_825579","Publications of the MPI for Comparative and International Private Law","2011"
"ctx_3148320","Publications of the MPI for Demographic Research","2019"
"ctx_2574705","Publications of the MPI for Developmental Biology","2018"
"ctx_2023287","Publications of the MPI for Empirical Aesthetics","2014"
"ctx_924562","Publications of the MPI for European Legal History","2011"
"ctx_1542176","Publications of the MPI for Evolutionary Anthropology","2012"
"ctx_1518219","Publications of the MPI for Evolutionary Biology","2012"
"ctx_160876","Publications of the MPI for Extraterrestrial Physics","2009"
"ctx_23042","Publications of the MPI for Gravitational Physics","2008"
"ctx_2327834","Publications of the MPI for Heart and Lung Research","2016"
"ctx_752582","Publications of the MPI for Human Cognitive and Brain Sciences","2011"
"ctx_2086743","Publications of the MPI for Human Development","2015"
"ctx_2258475","Publications of the MPI for Immunobiology and Epigenetics","2016"
"ctx_1703283","Publications of the MPI for Infection Biology","2013"
"ctx_23045","Publications of the MPI for Informatics","2008"
"ctx_2034630","Publications of the MPI for Innovation and Competition","2014"
"ctx_2604012","Publications of the MPI for Marine Microbiology","2018"
"ctx_3029203","Publications of the MPI for Mathematics","2019"
"ctx_3039314","Publications of the MPI for Mathematics in the Sciences","2019"
"ctx_1563278","Publications of the MPI for Medical Research","2012"
"ctx_2156322","Publications of the MPI for Metabolism Research, Managing Director, Jens Brüning","2015"
"ctx_1103548","Publications of the MPI for Meteorology","2011"
"ctx_3156540","Publications of the MPI for Molecular Biomedicine","2019"
"ctx_1479061","Publications of the MPI for Molecular Genetics","2012"
"ctx_924563","Publications of the MPI for Nuclear Physics","2011"
"ctx_3032249","Publications of the MPI for Physics","2019"
"ctx_1246561","Publications of the MPI for Plant Breeding Research","2011"
"ctx_1982926","Publications of the MPI for Plasma Physics","2014"
"ctx_1397662","Publications of the MPI for Polymer Research","2012"
"ctx_54203","Publications of the MPI for Psycholinguistics","2009"
"ctx_2307425","Publications of the MPI for Radio Astronomy","2016"
"ctx_2213631","Publications of the MPI for Research on Collective Goods","2015"
"ctx_924547","Publications of the MPI for Social Anthropology","2011"
"ctx_3000250","Publications of the MPI for Social Law and Social Policy","2018"
"ctx_1835112","Publications of the MPI for Solar System Research","2013"
"ctx_3176554","Publications of the MPI for Solid State Research","2019"
"ctx_828565","Publications of the MPI for Tax Law and Public Finance","2011"
"ctx_3135471","Publications of the MPI for terrestrial Microbiology","2019"
"ctx_2095717","Publications of the MPI for the History of Science","2015"
"ctx_2127444","Publications of the MPI for the Physics of Complex Systems","2015"
"ctx_2079641","Publications of the MPI for the Science of Human History","2014"
"ctx_2452758","Publications of the MPI for the Science of Light","2017"
"ctx_2024116","Publications of the MPI for the Structure and Dynamics of Matter","2014"
"ctx_1312560","Publications of the MPI for the Study of Religious and Ethnic Diversity","2012"
"ctx_1240555","Publications of the MPI for the Study of Societies","2011"
"ctx_1477565","Publications of the MPI für Kohlenforschung","2012"
"ctx_2166265","Publications of the MPI für Ornithologie","2015"
"ctx_3068990","Publications of the MPI of Animal Behavior","2019"
"ctx_1583063","Publications of the MPI of Biochemistry","2012"
"ctx_2079164","Publications of the MPI of Biophysics","2014"
"ctx_1896882","Publications of the MPI of Colloids and Interfaces","2014"
"ctx_2188930","Publications of the MPI of Experimental Medicine","2015"
"ctx_3176557","Publications of the MPI of Microstructure Physics","2019"
"ctx_2573256","Publications of the MPI of Molecular Cell Biology and Genetics","2018"
"ctx_1832170","Publications of the MPI of Molecular Physiology","2013"
"ctx_1837922","Publications of the MPI of Molecular Plant Physiology","2013"
"ctx_1139630","Publications of the MPI of Neurobiology","2011"
"ctx_1504321","Publications of the MPI of Quantum Optics","2012"
"ctx_1989800","Publications of the Max Planck Florida Institute for Neuroscience","2014"
"ctx_2019354","Publications of the Max Planck Institut für Eisenforschung GmbH","2014"
"ctx_2078066","Publications of the Max Planck Institute Luxembourg","2014"
"ctx_2213476","Publications of the Max Planck Institute for Dynamics and Self-Organization","2015"
"ctx_1746762","Publications of the Max Planck Institute for Dynamics of Complex Technical Systems","2013"
"ctx_2574344","Publications of the Max Planck Institute for Foreign and International Criminal Law","2018"
"ctx_1586655","Publications of the Max Planck Institute for Intelligent Systems","2012"
"ctx_2104435","Publications of the Max Planck Institute for Software Systems","2015"
"ctx_1674297","Publications of the Max Planck Institute of Psychiatry","2013"
"ctx_3176563","Publications of the Max Planck Research Unit for Neurogenetics","2019"
"ctx_2224150","RadioNet","2015"
"ctx_2224147","RadioNet3","2015"
"ctx_2426505","Results of the Research Program History of the Max Planck Society (GMPG)","2017"
"ctx_2190151","Talks of the Fritz Haber Institute","2015"
"ctx_3039315","Test Context of the MPI of Molecular Cell Biology and Genetics","2019"
"ctx_1674194","Theses of the MPI for Biogeochemistry","2013"
"ctx_1388650","Theses of the MPI for Chemical Ecology","2012"
"ctx_2095738","_Institutsbibliography of the MPI for the History of Science","2015"
